Metric,Baseline (V1),Optimized (V2),Improvement (%)
Faithfulness,0.6669841269841269,0.7861111111111111,17.9
Context Precision,0.9999999999,0.9999999999,0.0
Context Recall,0.44945054945054946,0.4993894993894994,11.1
Answer Relevancy,0.6945029964362088,0.7066019499447134,1.7
